[
{
  "model": "accounts.user",
  "fields": {
    "password": "pbkdf2_sha256$1200000$bbR67p01VK4Eo9RPNJMi4E$nDnPJeLp2SrEFgvzO1f+hVjumWjhUFElrMzByZICQvQ=",
    "last_login": "2026-03-28T17:35:00.744Z",
    "is_superuser": true,
    "username": "thiagokarnopp",
    "first_name": "Thiago",
    "last_name": "Karnopp",
    "email": "thiago@gmail.com",
    "is_staff": true,
    "is_active": true,
    "date_joined": "2026-03-25T18:10:24Z",
    "role": "DIRECTOR",
    "groups": [],
    "user_permissions": [],
    "branch": []
  }
},
{
  "model": "accounts.user",
  "fields": {
    "password": "pbkdf2_sha256$1200000$yDhmtwIrTTfi3ZxlCCfABM$pEKXQNOAVdfpasAKoeHeuDbgnZfYD7ctJT/tFR6RIL0=",
    "last_login": "2026-03-31T18:02:13.261Z",
    "is_superuser": false,
    "username": "barbara@gmail.com",
    "first_name": "Barbara",
    "last_name": "Karnopp",
    "email": "barbara@gmail.com",
    "is_staff": false,
    "is_active": true,
    "date_joined": "2026-03-25T18:11:21Z",
    "role": "RESEARCHER",
    "groups": [],
    "user_permissions": [],
    "branch": []
  }
},
{
  "model": "accounts.user",
  "fields": {
    "password": "pbkdf2_sha256$1200000$0K0krh5tleogT8nYnGZ45K$XI1LHaeeMUIMFZKvV+xSY/p549ybKrZj/Yxo5vUvWcc=",
    "last_login": "2026-03-25T23:32:55.584Z",
    "is_superuser": false,
    "username": "gerente_blumenau",
    "first_name": "Gerente_Blu",
    "last_name": "",
    "email": "",
    "is_staff": false,
    "is_active": true,
    "date_joined": "2026-03-25T18:12:05Z",
    "role": "MANAGER",
    "groups": [],
    "user_permissions": [],
    "branch": [
      2
    ]
  }
},
{
  "model": "accounts.user",
  "fields": {
    "password": "pbkdf2_sha256$1200000$NglCDuhnOjmvT0NSFmVjQR$lk9S6ye+jchc8O0oJLTOBbPMQ8TH/XzKieSNSN/Rasc=",
    "last_login": "2026-03-27T11:25:16.935Z",
    "is_superuser": false,
    "username": "joao@gmail.com",
    "first_name": "João",
    "last_name": "Martins",
    "email": "joao@gmail.com",
    "is_staff": false,
    "is_active": true,
    "date_joined": "2026-03-27T10:58:56Z",
    "role": "DIRECTOR",
    "groups": [],
    "user_permissions": [],
    "branch": []
  }
},
{
  "model": "organizations.filial",
  "pk": 1,
  "fields": {
    "name": "Regional Joinville",
    "code": "0001",
    "address": "",
    "is_active": true
  }
},
{
  "model": "organizations.filial",
  "pk": 2,
  "fields": {
    "name": "Regional Blumenau",
    "code": "0002",
    "address": "",
    "is_active": true
  }
},
{
  "model": "organizations.filial",
  "pk": 3,
  "fields": {
    "name": "Regional Brusque",
    "code": "0003",
    "address": "",
    "is_active": true
  }
},
{
  "model": "organizations.filial",
  "pk": 4,
  "fields": {
    "name": "Regional Chapecó",
    "code": "0004",
    "address": "",
    "is_active": true
  }
},
{
  "model": "organizations.filial",
  "pk": 5,
  "fields": {
    "name": "Regional Porto Alegre",
    "code": "0005",
    "address": "",
    "is_active": true
  }
},
{
  "model": "organizations.service",
  "pk": 1,
  "fields": {
    "name": "Auxiliar de serviços gerais (ASG)",
    "description": "",
    "is_active": true
  }
},
{
  "model": "organizations.service",
  "pk": 2,
  "fields": {
    "name": "Vigilância armada",
    "description": "",
    "is_active": true
  }
},
{
  "model": "organizations.service",
  "pk": 3,
  "fields": {
    "name": "Recepção",
    "description": "",
    "is_active": true
  }
},
{
  "model": "organizations.service",
  "pk": 4,
  "fields": {
    "name": "Jardinagem",
    "description": "",
    "is_active": true
  }
},
{
  "model": "organizations.service",
  "pk": 5,
  "fields": {
    "name": "Segurança patrimonial",
    "description": "",
    "is_active": true
  }
},
{
  "model": "organizations.service",
  "pk": 6,
  "fields": {
    "name": "Limpeza",
    "description": "",
    "is_active": true
  }
},
{
  "model": "clients.client",
  "pk": 1,
  "fields": {
    "name": "Lav Car LTDA",
    "cnpj": "60.740.098/0001-45",
    "contact_name": "João",
    "contact_phone": "47988340567",
    "contact_email": "joao@gmail.com",
    "size": "L",
    "branch": 2,
    "is_active": true,
    "created_at": "2026-03-25T18:14:28.131Z"
  }
},
{
  "model": "clients.client",
  "pk": 2,
  "fields": {
    "name": "Supermercado Freitas LTDA",
    "cnpj": "60.740.098/0001-44",
    "contact_name": "Pedro",
    "contact_phone": "47988340567",
    "contact_email": "pedro@gmail.com",
    "size": "M",
    "branch": 1,
    "is_active": true,
    "created_at": "2026-03-25T18:17:43.233Z"
  }
},
{
  "model": "clients.client",
  "pk": 3,
  "fields": {
    "name": "Teresa Aviamentos LTDA",
    "cnpj": "60.740.058/0001-45",
    "contact_name": "José",
    "contact_phone": "",
    "contact_email": "",
    "size": "L",
    "branch": 1,
    "is_active": true,
    "created_at": "2026-03-25T18:40:32.063Z"
  }
},
{
  "model": "clients.client",
  "pk": 4,
  "fields": {
    "name": "MW Pay",
    "cnpj": "60.743.098/0001-45",
    "contact_name": "Thiago",
    "contact_phone": "",
    "contact_email": "",
    "size": "L",
    "branch": 1,
    "is_active": true,
    "created_at": "2026-03-26T16:18:52.276Z"
  }
},
{
  "model": "clients.client",
  "pk": 5,
  "fields": {
    "name": "Alfa Tecnologia Ltda",
    "cnpj": "12.345.678/0001-01",
    "contact_name": "João Silva",
    "contact_phone": "(41) 99101-0001",
    "contact_email": "joao@alfatec.com",
    "size": "S",
    "branch": 1,
    "is_active": true,
    "created_at": "2026-03-27T12:34:05.712Z"
  }
},
{
  "model": "clients.client",
  "pk": 6,
  "fields": {
    "name": "Beta Soluções Empresariais",
    "cnpj": "23.456.789/0001-02",
    "contact_name": "Maria Souza",
    "contact_phone": "(41) 99101-0002",
    "contact_email": "maria@betasolucoes.com",
    "size": "M",
    "branch": 2,
    "is_active": true,
    "created_at": "2026-03-27T12:34:05.713Z"
  }
},
{
  "model": "clients.client",
  "pk": 7,
  "fields": {
    "name": "Gamma Consultoria Ltda",
    "cnpj": "34.567.890/0001-03",
    "contact_name": "Carlos Lima",
    "contact_phone": "(41) 99101-0003",
    "contact_email": "carlos@gammaconsult.com",
    "size": "L",
    "branch": 3,
    "is_active": true,
    "created_at": "2026-03-27T12:34:05.714Z"
  }
},
{
  "model": "clients.client",
  "pk": 8,
  "fields": {
    "name": "Delta Engenharia Ltda",
    "cnpj": "45.678.901/0001-04",
    "contact_name": "Ana Pereira",
    "contact_phone": "(41) 99101-0004",
    "contact_email": "ana@deltaeng.com",
    "size": "S",
    "branch": 4,
    "is_active": true,
    "created_at": "2026-03-27T12:34:05.715Z"
  }
},
{
  "model": "clients.client",
  "pk": 9,
  "fields": {
    "name": "Epsilon Marketing Ltda",
    "cnpj": "56.789.012/0001-05",
    "contact_name": "Bruno Rocha",
    "contact_phone": "(41) 99101-0005",
    "contact_email": "bruno@epsilonmkt.com",
    "size": "M",
    "branch": 5,
    "is_active": true,
    "created_at": "2026-03-27T12:34:05.715Z"
  }
},
{
  "model": "clients.client",
  "pk": 10,
  "fields": {
    "name": "Zeta Logística Ltda",
    "cnpj": "67.890.123/0001-06",
    "contact_name": "Juliana Alves",
    "contact_phone": "(41) 99101-0006",
    "contact_email": "juliana@zetalog.com",
    "size": "L",
    "branch": 1,
    "is_active": true,
    "created_at": "2026-03-27T12:34:05.716Z"
  }
},
{
  "model": "clients.client",
  "pk": 11,
  "fields": {
    "name": "Eta Sistemas Ltda",
    "cnpj": "78.901.234/0001-07",
    "contact_name": "Rafael Mendes",
    "contact_phone": "(41) 99101-0007",
    "contact_email": "rafael@etasistemas.com",
    "size": "S",
    "branch": 2,
    "is_active": true,
    "created_at": "2026-03-27T12:34:05.716Z"
  }
},
{
  "model": "clients.client",
  "pk": 12,
  "fields": {
    "name": "Theta Construções Ltda",
    "cnpj": "89.012.345/0001-08",
    "contact_name": "Patrícia Costa",
    "contact_phone": "(41) 99101-0008",
    "contact_email": "patricia@thetaconst.com",
    "size": "M",
    "branch": 3,
    "is_active": true,
    "created_at": "2026-03-27T12:34:05.717Z"
  }
},
{
  "model": "clients.client",
  "pk": 13,
  "fields": {
    "name": "Iota Finance Ltda",
    "cnpj": "90.123.456/0001-09",
    "contact_name": "Lucas Ferreira",
    "contact_phone": "(41) 99101-0009",
    "contact_email": "lucas@iotafin.com",
    "size": "L",
    "branch": 1,
    "is_active": true,
    "created_at": "2026-03-27T12:34:05.717Z"
  }
},
{
  "model": "clients.client",
  "pk": 14,
  "fields": {
    "name": "Kappa Serviços Ltda",
    "cnpj": "01.234.567/0001-10",
    "contact_name": "Fernanda Ribeiro",
    "contact_phone": "(41) 99101-0010",
    "contact_email": "fernanda@kappaserv.com",
    "size": "S",
    "branch": 2,
    "is_active": true,
    "created_at": "2026-03-27T12:34:05.718Z"
  }
},
{
  "model": "clients.client",
  "pk": 15,
  "fields": {
    "name": "Lambda Energia Ltda",
    "cnpj": "11.223.344/0001-11",
    "contact_name": "Gustavo Martins",
    "contact_phone": "(41) 99101-0011",
    "contact_email": "gustavo@lambdaenergia.com",
    "size": "M",
    "branch": 3,
    "is_active": true,
    "created_at": "2026-03-27T12:34:05.723Z"
  }
},
{
  "model": "clients.client",
  "pk": 16,
  "fields": {
    "name": "Mu Telecom Ltda",
    "cnpj": "22.334.455/0001-12",
    "contact_name": "Renata Gomes",
    "contact_phone": "(41) 99101-0012",
    "contact_email": "renata@mutelecom.com",
    "size": "L",
    "branch": 4,
    "is_active": true,
    "created_at": "2026-03-27T12:34:05.724Z"
  }
},
{
  "model": "clients.client",
  "pk": 17,
  "fields": {
    "name": "Nu Indústria Ltda",
    "cnpj": "33.445.566/0001-13",
    "contact_name": "André Castro",
    "contact_phone": "(41) 99101-0013",
    "contact_email": "andre@nuindustria.com",
    "size": "L",
    "branch": 5,
    "is_active": true,
    "created_at": "2026-03-27T12:34:05.725Z"
  }
},
{
  "model": "clients.client",
  "pk": 18,
  "fields": {
    "name": "Xi Comércio Ltda",
    "cnpj": "44.556.677/0001-14",
    "contact_name": "Beatriz Nunes",
    "contact_phone": "(41) 99101-0014",
    "contact_email": "beatriz@xicomerce.com",
    "size": "L",
    "branch": 4,
    "is_active": true,
    "created_at": "2026-03-27T12:34:05.726Z"
  }
},
{
  "model": "clients.client",
  "pk": 19,
  "fields": {
    "name": "Omicron Digital Ltda",
    "cnpj": "55.667.788/0001-15",
    "contact_name": "Diego Freitas",
    "contact_phone": "(41) 99101-0015",
    "contact_email": "diego@omicron.com",
    "size": "L",
    "branch": 5,
    "is_active": true,
    "created_at": "2026-03-27T12:34:05.726Z"
  }
},
{
  "model": "clients.client",
  "pk": 20,
  "fields": {
    "name": "Pi Software Ltda",
    "cnpj": "66.778.899/0001-16",
    "contact_name": "Vanessa Teixeira",
    "contact_phone": "(41) 99101-0016",
    "contact_email": "vanessa@pisoft.com",
    "size": "S",
    "branch": 4,
    "is_active": true,
    "created_at": "2026-03-27T12:34:05.727Z"
  }
},
{
  "model": "clients.client",
  "pk": 21,
  "fields": {
    "name": "Rho Design Ltda",
    "cnpj": "77.889.900/0001-17",
    "contact_name": "Marcelo Duarte",
    "contact_phone": "(41) 99101-0017",
    "contact_email": "marcelo@rhodesign.com",
    "size": "M",
    "branch": 5,
    "is_active": true,
    "created_at": "2026-03-27T12:34:05.727Z"
  }
},
{
  "model": "clients.client",
  "pk": 22,
  "fields": {
    "name": "Sigma Tech Ltda",
    "cnpj": "88.990.011/0001-18",
    "contact_name": "Camila Barros",
    "contact_phone": "(41) 99101-0018",
    "contact_email": "camila@sigmatech.com",
    "size": "L",
    "branch": 4,
    "is_active": true,
    "created_at": "2026-03-27T12:34:05.728Z"
  }
},
{
  "model": "clients.client",
  "pk": 23,
  "fields": {
    "name": "Tau Inovação Ltda",
    "cnpj": "99.001.122/0001-19",
    "contact_name": "Thiago Lopes",
    "contact_phone": "(41) 99101-0019",
    "contact_email": "thiago@tauinovacao.com",
    "size": "L",
    "branch": 5,
    "is_active": true,
    "created_at": "2026-03-27T12:34:05.728Z"
  }
},
{
  "model": "clients.client",
  "pk": 24,
  "fields": {
    "name": "Upsilon Dados Ltda",
    "cnpj": "10.112.233/0001-20",
    "contact_name": "Paula Vieira",
    "contact_phone": "(41) 99101-0020",
    "contact_email": "paula@upsilondados.com",
    "size": "L",
    "branch": 4,
    "is_active": true,
    "created_at": "2026-03-27T12:34:05.729Z"
  }
},
{
  "model": "clients.client",
  "pk": 25,
  "fields": {
    "name": "Phi Analytics Ltda",
    "cnpj": "20.223.344/0001-21",
    "contact_name": "Ricardo Pinto",
    "contact_phone": "(41) 99101-0021",
    "contact_email": "ricardo@phianalytics.com",
    "size": "S",
    "branch": 5,
    "is_active": true,
    "created_at": "2026-03-27T12:34:05.730Z"
  }
},
{
  "model": "clients.client",
  "pk": 26,
  "fields": {
    "name": "Chi Cloud Ltda",
    "cnpj": "30.334.455/0001-22",
    "contact_name": "Larissa Melo",
    "contact_phone": "(41) 99101-0022",
    "contact_email": "larissa@chicloud.com",
    "size": "M",
    "branch": 1,
    "is_active": true,
    "created_at": "2026-03-27T12:34:05.730Z"
  }
},
{
  "model": "clients.client",
  "pk": 27,
  "fields": {
    "name": "Psi Dev Ltda",
    "cnpj": "40.445.566/0001-23",
    "contact_name": "Pedro Azevedo",
    "contact_phone": "(41) 99101-0023",
    "contact_email": "pedro@psidev.com",
    "size": "L",
    "branch": 2,
    "is_active": true,
    "created_at": "2026-03-27T12:34:05.731Z"
  }
},
{
  "model": "clients.client",
  "pk": 28,
  "fields": {
    "name": "Omega Group Ltda",
    "cnpj": "50.556.677/0001-24",
    "contact_name": "Aline Farias",
    "contact_phone": "(41) 99101-0024",
    "contact_email": "aline@omegagroup.com",
    "size": "L",
    "branch": 3,
    "is_active": true,
    "created_at": "2026-03-27T12:34:05.731Z"
  }
},
{
  "model": "clients.client",
  "pk": 29,
  "fields": {
    "name": "Aurora Tech Ltda",
    "cnpj": "60.667.788/0001-25",
    "contact_name": "Daniel Santos",
    "contact_phone": "(41) 99101-0025",
    "contact_email": "daniel@auroratech.com",
    "size": "S",
    "branch": 4,
    "is_active": true,
    "created_at": "2026-03-27T12:34:05.732Z"
  }
},
{
  "model": "clients.client",
  "pk": 30,
  "fields": {
    "name": "Nebula Systems Ltda",
    "cnpj": "70.778.899/0001-26",
    "contact_name": "Carolina Pires",
    "contact_phone": "(41) 99101-0026",
    "contact_email": "carolina@nebula.com",
    "size": "S",
    "branch": 5,
    "is_active": true,
    "created_at": "2026-03-27T12:34:05.732Z"
  }
},
{
  "model": "clients.client",
  "pk": 31,
  "fields": {
    "name": "Vertex Solutions Ltda",
    "cnpj": "80.889.900/0001-27",
    "contact_name": "Roberto Campos",
    "contact_phone": "(41) 99101-0027",
    "contact_email": "roberto@vertex.com",
    "size": "S",
    "branch": 1,
    "is_active": true,
    "created_at": "2026-03-27T12:34:05.733Z"
  }
},
{
  "model": "clients.client",
  "pk": 32,
  "fields": {
    "name": "Nexus Engenharia Ltda",
    "cnpj": "90.990.011/0001-28",
    "contact_name": "Mariana Tavares",
    "contact_phone": "(41) 99101-0028",
    "contact_email": "mariana@nexuseng.com",
    "size": "M",
    "branch": 2,
    "is_active": true,
    "created_at": "2026-03-27T12:34:05.734Z"
  }
},
{
  "model": "clients.client",
  "pk": 33,
  "fields": {
    "name": "Orbit Tecnologia Ltda",
    "cnpj": "15.111.222/0001-29",
    "contact_name": "Leandro Batista",
    "contact_phone": "(41) 99101-0029",
    "contact_email": "leandro@orbit.com",
    "size": "L",
    "branch": 3,
    "is_active": true,
    "created_at": "2026-03-27T12:34:05.734Z"
  }
},
{
  "model": "clients.client",
  "pk": 34,
  "fields": {
    "name": "Fusion Consultoria Ltda",
    "cnpj": "25.222.333/0001-30",
    "contact_name": "Sabrina Moura",
    "contact_phone": "(41) 99101-0030",
    "contact_email": "sabrina@fusion.com",
    "size": "M",
    "branch": 4,
    "is_active": true,
    "created_at": "2026-03-27T12:34:05.735Z"
  }
},
{
  "model": "clients.client",
  "pk": 35,
  "fields": {
    "name": "Prime Serviços Ltda",
    "cnpj": "35.333.444/0001-31",
    "contact_name": "Igor Carvalho",
    "contact_phone": "(41) 99101-0031",
    "contact_email": "igor@prime.com",
    "size": "M",
    "branch": 5,
    "is_active": true,
    "created_at": "2026-03-27T12:34:05.736Z"
  }
},
{
  "model": "clients.client",
  "pk": 36,
  "fields": {
    "name": "Atlas Logística Ltda",
    "cnpj": "45.444.555/0001-32",
    "contact_name": "Julio Cesar",
    "contact_phone": "(41) 99101-0032",
    "contact_email": "julio@atlaslog.com",
    "size": "S",
    "branch": 1,
    "is_active": true,
    "created_at": "2026-03-27T12:34:05.736Z"
  }
},
{
  "model": "clients.client",
  "pk": 37,
  "fields": {
    "name": "Titan Construções Ltda",
    "cnpj": "55.555.666/0001-33",
    "contact_name": "Priscila Rezende",
    "contact_phone": "(41) 99101-0033",
    "contact_email": "priscila@titan.com",
    "size": "M",
    "branch": 1,
    "is_active": true,
    "created_at": "2026-03-27T12:34:05.737Z"
  }
},
{
  "model": "clients.client",
  "pk": 38,
  "fields": {
    "name": "Solaris Energia Ltda",
    "cnpj": "65.666.777/0001-34",
    "contact_name": "Felipe Duarte",
    "contact_phone": "(41) 99101-0034",
    "contact_email": "felipe@solaris.com",
    "size": "L",
    "branch": 1,
    "is_active": true,
    "created_at": "2026-03-27T12:34:05.737Z"
  }
},
{
  "model": "clients.client",
  "pk": 39,
  "fields": {
    "name": "Infinity Tech Ltda",
    "cnpj": "75.777.888/0001-35",
    "contact_name": "Monica Andrade",
    "contact_phone": "(41) 99101-0035",
    "contact_email": "monica@infinity.com",
    "size": "S",
    "branch": 1,
    "is_active": true,
    "created_at": "2026-03-27T12:34:05.738Z"
  }
},
{
  "model": "clients.client",
  "pk": 40,
  "fields": {
    "name": "Zenith Sistemas Ltda",
    "cnpj": "85.888.999/0001-36",
    "contact_name": "Victor Hugo",
    "contact_phone": "(41) 99101-0036",
    "contact_email": "victor@zenith.com",
    "size": "M",
    "branch": 5,
    "is_active": true,
    "created_at": "2026-03-27T12:34:05.738Z"
  }
},
{
  "model": "clients.client",
  "pk": 41,
  "fields": {
    "name": "Pioneer Software Ltda",
    "cnpj": "95.999.000/0001-37",
    "contact_name": "Leticia Rocha",
    "contact_phone": "(41) 99101-0037",
    "contact_email": "leticia@pioneer.com",
    "size": "L",
    "branch": 5,
    "is_active": true,
    "created_at": "2026-03-27T12:34:05.739Z"
  }
},
{
  "model": "clients.client",
  "pk": 42,
  "fields": {
    "name": "Horizon Digital Ltda",
    "cnpj": "05.101.202/0001-38",
    "contact_name": "Bruna Sales",
    "contact_phone": "(41) 99101-0038",
    "contact_email": "bruna@horizon.com",
    "size": "S",
    "branch": 3,
    "is_active": true,
    "created_at": "2026-03-27T12:34:05.739Z"
  }
},
{
  "model": "clients.client",
  "pk": 43,
  "fields": {
    "name": "Elemental Tech Ltda",
    "cnpj": "15.202.303/0001-39",
    "contact_name": "Renan Borges",
    "contact_phone": "(41) 99101-0039",
    "contact_email": "renan@elemental.com",
    "size": "M",
    "branch": 3,
    "is_active": true,
    "created_at": "2026-03-27T12:34:05.740Z"
  }
},
{
  "model": "clients.client",
  "pk": 44,
  "fields": {
    "name": "Core Solutions Ltda",
    "cnpj": "25.303.404/0001-40",
    "contact_name": "Simone Freire",
    "contact_phone": "(41) 99101-0040",
    "contact_email": "simone@core.com",
    "size": "L",
    "branch": 3,
    "is_active": true,
    "created_at": "2026-03-27T12:34:05.740Z"
  }
},
{
  "model": "clients.clientservice",
  "pk": 1,
  "fields": {
    "client": 1,
    "service": 1,
    "start_date": "2026-03-25",
    "end_date": null,
    "is_active": true
  }
},
{
  "model": "clients.clientservice",
  "pk": 2,
  "fields": {
    "client": 1,
    "service": 2,
    "start_date": "2026-03-25",
    "end_date": "2026-03-25",
    "is_active": false
  }
},
{
  "model": "clients.clientservice",
  "pk": 3,
  "fields": {
    "client": 1,
    "service": 3,
    "start_date": "2026-03-25",
    "end_date": null,
    "is_active": true
  }
},
{
  "model": "clients.clientservice",
  "pk": 4,
  "fields": {
    "client": 2,
    "service": 3,
    "start_date": "2026-03-25",
    "end_date": null,
    "is_active": true
  }
},
{
  "model": "clients.clientservice",
  "pk": 5,
  "fields": {
    "client": 3,
    "service": 2,
    "start_date": "2026-03-25",
    "end_date": null,
    "is_active": true
  }
},
{
  "model": "clients.clientservice",
  "pk": 6,
  "fields": {
    "client": 4,
    "service": 1,
    "start_date": "2026-03-26",
    "end_date": null,
    "is_active": true
  }
},
{
  "model": "clients.clientservice",
  "pk": 7,
  "fields": {
    "client": 4,
    "service": 2,
    "start_date": "2026-03-26",
    "end_date": null,
    "is_active": true
  }
},
{
  "model": "clients.clientservice",
  "pk": 8,
  "fields": {
    "client": 4,
    "service": 3,
    "start_date": "2026-03-26",
    "end_date": null,
    "is_active": true
  }
},
{
  "model": "contracts.contract",
  "pk": 1,
  "fields": {
    "client": 1,
    "start_date": "2026-02-25",
    "end_date": "2026-03-26",
    "status": "closed",
    "company_size": "S",
    "survey_frequency_days": 30,
    "last_survey_date": "2026-04-01",
    "created_at": "2026-03-26T16:14:46.968Z"
  }
},
{
  "model": "contracts.contract",
  "pk": 2,
  "fields": {
    "client": 2,
    "start_date": "2026-03-25",
    "end_date": null,
    "status": "active",
    "company_size": "M",
    "survey_frequency_days": 60,
    "last_survey_date": "2026-03-25",
    "created_at": "2026-03-26T16:14:46.969Z"
  }
},
{
  "model": "contracts.contract",
  "pk": 3,
  "fields": {
    "client": 3,
    "start_date": "2026-03-25",
    "end_date": null,
    "status": "active",
    "company_size": "L",
    "survey_frequency_days": 90,
    "last_survey_date": "2026-03-25",
    "created_at": "2026-03-26T16:14:46.970Z"
  }
},
{
  "model": "contracts.contract",
  "pk": 4,
  "fields": {
    "client": 4,
    "start_date": "2026-03-26",
    "end_date": null,
    "status": "active",
    "company_size": "L",
    "survey_frequency_days": 90,
    "last_survey_date": "2026-03-28",
    "created_at": "2026-03-26T16:19:10.979Z"
  }
},
{
  "model": "contracts.contract",
  "pk": 5,
  "fields": {
    "client": 1,
    "start_date": "2026-03-26",
    "end_date": "2026-03-26",
    "status": "closed",
    "company_size": "S",
    "survey_frequency_days": 30,
    "last_survey_date": null,
    "created_at": "2026-03-26T16:20:48.142Z"
  }
},
{
  "model": "contracts.contract",
  "pk": 6,
  "fields": {
    "client": 1,
    "start_date": "2026-03-27",
    "end_date": "2026-03-26",
    "status": "closed",
    "company_size": "L",
    "survey_frequency_days": 90,
    "last_survey_date": null,
    "created_at": "2026-03-26T16:21:27.851Z"
  }
},
{
  "model": "contracts.contract",
  "pk": 7,
  "fields": {
    "client": 5,
    "start_date": "2026-01-06",
    "end_date": null,
    "status": "active",
    "company_size": "S",
    "survey_frequency_days": 30,
    "last_survey_date": "2026-03-17",
    "created_at": "2026-03-27T13:21:27.262Z"
  }
},
{
  "model": "contracts.contract",
  "pk": 8,
  "fields": {
    "client": 44,
    "start_date": "2026-03-05",
    "end_date": null,
    "status": "active",
    "company_size": "L",
    "survey_frequency_days": 90,
    "last_survey_date": "2026-03-27",
    "created_at": "2026-03-27T16:43:52.126Z"
  }
},
{
  "model": "contracts.contract",
  "pk": 9,
  "fields": {
    "client": 36,
    "start_date": "2025-03-10",
    "end_date": null,
    "status": "active",
    "company_size": "S",
    "survey_frequency_days": 30,
    "last_survey_date": "2025-11-26",
    "created_at": "2026-03-27T18:41:48.560Z"
  }
},
{
  "model": "contracts.contract",
  "pk": 10,
  "fields": {
    "client": 29,
    "start_date": "2026-01-06",
    "end_date": null,
    "status": "active",
    "company_size": "S",
    "survey_frequency_days": 30,
    "last_survey_date": "2026-03-01",
    "created_at": "2026-03-27T18:44:11.587Z"
  }
},
{
  "model": "contracts.contract",
  "pk": 11,
  "fields": {
    "client": 6,
    "start_date": "2025-07-07",
    "end_date": null,
    "status": "active",
    "company_size": "M",
    "survey_frequency_days": 60,
    "last_survey_date": "2026-02-18",
    "created_at": "2026-03-27T19:02:21.846Z"
  }
},
{
  "model": "contracts.contract",
  "pk": 12,
  "fields": {
    "client": 9,
    "start_date": "2025-03-04",
    "end_date": null,
    "status": "active",
    "company_size": "M",
    "survey_frequency_days": 60,
    "last_survey_date": "2025-09-23",
    "created_at": "2026-03-27T19:07:43.047Z"
  }
},
{
  "model": "contracts.contract",
  "pk": 13,
  "fields": {
    "client": 16,
    "start_date": "2025-11-11",
    "end_date": null,
    "status": "active",
    "company_size": "L",
    "survey_frequency_days": 90,
    "last_survey_date": "2026-02-17",
    "created_at": "2026-03-27T19:10:42.233Z"
  }
},
{
  "model": "contracts.contract",
  "pk": 14,
  "fields": {
    "client": 32,
    "start_date": "2025-08-19",
    "end_date": null,
    "status": "active",
    "company_size": "M",
    "survey_frequency_days": 60,
    "last_survey_date": "2026-02-17",
    "created_at": "2026-03-27T19:13:56.000Z"
  }
},
{
  "model": "contracts.contract",
  "pk": 15,
  "fields": {
    "client": 26,
    "start_date": "2025-09-16",
    "end_date": null,
    "status": "active",
    "company_size": "M",
    "survey_frequency_days": 60,
    "last_survey_date": "2025-11-21",
    "created_at": "2026-03-28T17:22:36.826Z"
  }
},
{
  "model": "contracts.contract",
  "pk": 16,
  "fields": {
    "client": 7,
    "start_date": "2025-01-07",
    "end_date": null,
    "status": "active",
    "company_size": "L",
    "survey_frequency_days": 90,
    "last_survey_date": "2025-07-09",
    "created_at": "2026-03-28T17:25:10.273Z"
  }
},
{
  "model": "contracts.contractservice",
  "pk": 1,
  "fields": {
    "contract": 1,
    "service": 1
  }
},
{
  "model": "contracts.contractservice",
  "pk": 2,
  "fields": {
    "contract": 1,
    "service": 3
  }
},
{
  "model": "contracts.contractservice",
  "pk": 3,
  "fields": {
    "contract": 2,
    "service": 3
  }
},
{
  "model": "contracts.contractservice",
  "pk": 4,
  "fields": {
    "contract": 3,
    "service": 2
  }
},
{
  "model": "contracts.contractservice",
  "pk": 5,
  "fields": {
    "contract": 4,
    "service": 1
  }
},
{
  "model": "contracts.contractservice",
  "pk": 6,
  "fields": {
    "contract": 4,
    "service": 3
  }
},
{
  "model": "contracts.contractservice",
  "pk": 7,
  "fields": {
    "contract": 4,
    "service": 2
  }
},
{
  "model": "contracts.contractservice",
  "pk": 8,
  "fields": {
    "contract": 5,
    "service": 1
  }
},
{
  "model": "contracts.contractservice",
  "pk": 9,
  "fields": {
    "contract": 5,
    "service": 3
  }
},
{
  "model": "contracts.contractservice",
  "pk": 10,
  "fields": {
    "contract": 6,
    "service": 1
  }
},
{
  "model": "contracts.contractservice",
  "pk": 11,
  "fields": {
    "contract": 6,
    "service": 3
  }
},
{
  "model": "contracts.contractservice",
  "pk": 12,
  "fields": {
    "contract": 7,
    "service": 1
  }
},
{
  "model": "contracts.contractservice",
  "pk": 13,
  "fields": {
    "contract": 8,
    "service": 1
  }
},
{
  "model": "contracts.contractservice",
  "pk": 14,
  "fields": {
    "contract": 8,
    "service": 3
  }
},
{
  "model": "contracts.contractservice",
  "pk": 15,
  "fields": {
    "contract": 8,
    "service": 2
  }
},
{
  "model": "contracts.contractservice",
  "pk": 16,
  "fields": {
    "contract": 9,
    "service": 1
  }
},
{
  "model": "contracts.contractservice",
  "pk": 17,
  "fields": {
    "contract": 9,
    "service": 3
  }
},
{
  "model": "contracts.contractservice",
  "pk": 18,
  "fields": {
    "contract": 9,
    "service": 2
  }
},
{
  "model": "contracts.contractservice",
  "pk": 19,
  "fields": {
    "contract": 10,
    "service": 3
  }
},
{
  "model": "contracts.contractservice",
  "pk": 20,
  "fields": {
    "contract": 11,
    "service": 1
  }
},
{
  "model": "contracts.contractservice",
  "pk": 21,
  "fields": {
    "contract": 11,
    "service": 2
  }
},
{
  "model": "contracts.contractservice",
  "pk": 22,
  "fields": {
    "contract": 12,
    "service": 1
  }
},
{
  "model": "contracts.contractservice",
  "pk": 23,
  "fields": {
    "contract": 12,
    "service": 4
  }
},
{
  "model": "contracts.contractservice",
  "pk": 24,
  "fields": {
    "contract": 12,
    "service": 2
  }
},
{
  "model": "contracts.contractservice",
  "pk": 25,
  "fields": {
    "contract": 13,
    "service": 1
  }
},
{
  "model": "contracts.contractservice",
  "pk": 26,
  "fields": {
    "contract": 13,
    "service": 3
  }
},
{
  "model": "contracts.contractservice",
  "pk": 27,
  "fields": {
    "contract": 13,
    "service": 5
  }
},
{
  "model": "contracts.contractservice",
  "pk": 28,
  "fields": {
    "contract": 13,
    "service": 2
  }
},
{
  "model": "contracts.contractservice",
  "pk": 29,
  "fields": {
    "contract": 14,
    "service": 4
  }
},
{
  "model": "contracts.contractservice",
  "pk": 30,
  "fields": {
    "contract": 15,
    "service": 1
  }
},
{
  "model": "contracts.contractservice",
  "pk": 31,
  "fields": {
    "contract": 15,
    "service": 4
  }
},
{
  "model": "contracts.contractservice",
  "pk": 32,
  "fields": {
    "contract": 15,
    "service": 6
  }
},
{
  "model": "contracts.contractservice",
  "pk": 33,
  "fields": {
    "contract": 16,
    "service": 1
  }
},
{
  "model": "contracts.contractservice",
  "pk": 34,
  "fields": {
    "contract": 16,
    "service": 6
  }
},
{
  "model": "contracts.contractservice",
  "pk": 35,
  "fields": {
    "contract": 16,
    "service": 3
  }
},
{
  "model": "surveys.strength",
  "pk": 1,
  "fields": {
    "name": "Pontualidade",
    "is_active": true
  }
},
{
  "model": "surveys.strength",
  "pk": 2,
  "fields": {
    "name": "Educação",
    "is_active": true
  }
},
{
  "model": "surveys.strength",
  "pk": 3,
  "fields": {
    "name": "Aparencia",
    "is_active": true
  }
},
{
  "model": "surveys.strength",
  "pk": 4,
  "fields": {
    "name": "Agilidade no atendimento",
    "is_active": true
  }
},
{
  "model": "surveys.strength",
  "pk": 5,
  "fields": {
    "name": "Cordialidade",
    "is_active": true
  }
},
{
  "model": "surveys.strength",
  "pk": 6,
  "fields": {
    "name": "Proatividade",
    "is_active": true
  }
},
{
  "model": "surveys.strength",
  "pk": 7,
  "fields": {
    "name": "Organização",
    "is_active": true
  }
},
{
  "model": "surveys.strength",
  "pk": 8,
  "fields": {
    "name": "Comunicação clara",
    "is_active": true
  }
},
{
  "model": "surveys.strength",
  "pk": 9,
  "fields": {
    "name": "Atenção aos detalhes",
    "is_active": true
  }
},
{
  "model": "surveys.improvement",
  "pk": 1,
  "fields": {
    "name": "Uniforme inadequado",
    "is_active": true
  }
},
{
  "model": "surveys.improvement",
  "pk": 2,
  "fields": {
    "name": "Alta rotatividade",
    "is_active": true
  }
},
{
  "model": "surveys.improvement",
  "pk": 3,
  "fields": {
    "name": "Falta de treinamento",
    "is_active": true
  }
},
{
  "model": "surveys.improvement",
  "pk": 4,
  "fields": {
    "name": "Colaboradores mal educados",
    "is_active": true
  }
},
{
  "model": "surveys.improvement",
  "pk": 5,
  "fields": {
    "name": "Falta de comunicação",
    "is_active": true
  }
},
{
  "model": "surveys.improvement",
  "pk": 6,
  "fields": {
    "name": "Atraso",
    "is_active": true
  }
},
{
  "model": "surveys.improvement",
  "pk": 7,
  "fields": {
    "name": "Desorganização",
    "is_active": true
  }
},
{
  "model": "surveys.survey",
  "pk": 2,
  "fields": {
    "contract": 1,
    "date_conducted": "2026-02-25",
    "respondent_name": "Jéssica",
    "respondent_role": "RH",
    "nps_score": 7,
    "comments": "Gosta muito mas pode melhorar",
    "is_historical": true,
    "created_by": [
      "thiagokarnopp"
    ],
    "created_at": "2026-03-25T18:16:09.985Z",
    "strengths": [],
    "improvements": []
  }
},
{
  "model": "surveys.survey",
  "pk": 3,
  "fields": {
    "contract": 2,
    "date_conducted": "2026-03-25",
    "respondent_name": "Manoel",
    "respondent_role": "Diretor",
    "nps_score": 5,
    "comments": "Recepcionista mal educada",
    "is_historical": false,
    "created_by": [
      "thiagokarnopp"
    ],
    "created_at": "2026-03-25T18:18:23.041Z",
    "strengths": [],
    "improvements": []
  }
},
{
  "model": "surveys.survey",
  "pk": 4,
  "fields": {
    "contract": 1,
    "date_conducted": "2026-04-01",
    "respondent_name": "Jéssica",
    "respondent_role": "RH",
    "nps_score": 8,
    "comments": "Gostou das melhorias",
    "is_historical": false,
    "created_by": [
      "thiagokarnopp"
    ],
    "created_at": "2026-03-25T18:21:26.495Z",
    "strengths": [],
    "improvements": []
  }
},
{
  "model": "surveys.survey",
  "pk": 5,
  "fields": {
    "contract": 3,
    "date_conducted": "2026-03-25",
    "respondent_name": "Pedro",
    "respondent_role": "CEO",
    "nps_score": 5,
    "comments": "Tudo certo",
    "is_historical": false,
    "created_by": [
      "thiagokarnopp"
    ],
    "created_at": "2026-03-25T18:41:03.296Z",
    "strengths": [],
    "improvements": []
  }
},
{
  "model": "surveys.survey",
  "pk": 6,
  "fields": {
    "contract": 1,
    "date_conducted": "2026-03-25",
    "respondent_name": "Jéssica",
    "respondent_role": "RH",
    "nps_score": 9,
    "comments": "gosta",
    "is_historical": false,
    "created_by": [
      "barbara@gmail.com"
    ],
    "created_at": "2026-03-25T18:55:52.940Z",
    "strengths": [
      2,
      1
    ],
    "improvements": [
      1
    ]
  }
},
{
  "model": "surveys.survey",
  "pk": 7,
  "fields": {
    "contract": 4,
    "date_conducted": "2026-03-26",
    "respondent_name": "Clarisse",
    "respondent_role": "CEO",
    "nps_score": 7,
    "comments": "Não gosta",
    "is_historical": false,
    "created_by": [
      "thiagokarnopp"
    ],
    "created_at": "2026-03-26T16:34:24.375Z",
    "strengths": [
      1
    ],
    "improvements": [
      2,
      4
    ]
  }
},
{
  "model": "surveys.survey",
  "pk": 8,
  "fields": {
    "contract": 4,
    "date_conducted": "2026-03-28",
    "respondent_name": "Jéssica",
    "respondent_role": "Diretor",
    "nps_score": 8,
    "comments": "",
    "is_historical": false,
    "created_by": [
      "thiagokarnopp"
    ],
    "created_at": "2026-03-26T23:28:01.099Z",
    "strengths": [
      2
    ],
    "improvements": [
      2
    ]
  }
},
{
  "model": "surveys.survey",
  "pk": 9,
  "fields": {
    "contract": 8,
    "date_conducted": "2026-03-27",
    "respondent_name": "Carlos",
    "respondent_role": "RH",
    "nps_score": 9,
    "comments": "Gosta muito do serviço",
    "is_historical": false,
    "created_by": [
      "joao@gmail.com"
    ],
    "created_at": "2026-03-27T16:44:28.854Z",
    "strengths": [
      3,
      2
    ],
    "improvements": [
      2
    ]
  }
},
{
  "model": "surveys.survey",
  "pk": 10,
  "fields": {
    "contract": 7,
    "date_conducted": "2025-09-17",
    "respondent_name": "João",
    "respondent_role": "Administrativo",
    "nps_score": 8,
    "comments": "",
    "is_historical": true,
    "created_by": [
      "joao@gmail.com"
    ],
    "created_at": "2026-03-27T18:40:03.124Z",
    "strengths": [
      4,
      5,
      2
    ],
    "improvements": [
      7,
      3
    ]
  }
},
{
  "model": "surveys.survey",
  "pk": 11,
  "fields": {
    "contract": 7,
    "date_conducted": "2025-12-18",
    "respondent_name": "Carlos",
    "respondent_role": "CEO",
    "nps_score": 9,
    "comments": "",
    "is_historical": true,
    "created_by": [
      "joao@gmail.com"
    ],
    "created_at": "2026-03-27T18:40:45.211Z",
    "strengths": [
      4,
      3,
      7
    ],
    "improvements": [
      6
    ]
  }
},
{
  "model": "surveys.survey",
  "pk": 12,
  "fields": {
    "contract": 7,
    "date_conducted": "2026-03-17",
    "respondent_name": "Carlos",
    "respondent_role": "CEO",
    "nps_score": 7,
    "comments": "",
    "is_historical": false,
    "created_by": [
      "joao@gmail.com"
    ],
    "created_at": "2026-03-27T18:41:11.171Z",
    "strengths": [
      8,
      5,
      2
    ],
    "improvements": [
      2,
      6
    ]
  }
},
{
  "model": "surveys.survey",
  "pk": 13,
  "fields": {
    "contract": 9,
    "date_conducted": "2025-08-20",
    "respondent_name": "Pedro",
    "respondent_role": "Administrativo",
    "nps_score": 7,
    "comments": "Podemos melhorar na questão de aparência",
    "is_historical": true,
    "created_by": [
      "joao@gmail.com"
    ],
    "created_at": "2026-03-27T18:42:33.166Z",
    "strengths": [
      4,
      7,
      1
    ],
    "improvements": [
      7,
      1
    ]
  }
},
{
  "model": "surveys.survey",
  "pk": 14,
  "fields": {
    "contract": 9,
    "date_conducted": "2025-11-26",
    "respondent_name": "Jéssica",
    "respondent_role": "RH",
    "nps_score": 8,
    "comments": "Uniforme ruim",
    "is_historical": false,
    "created_by": [
      "joao@gmail.com"
    ],
    "created_at": "2026-03-27T18:43:01.702Z",
    "strengths": [
      4,
      3
    ],
    "improvements": [
      1
    ]
  }
},
{
  "model": "surveys.survey",
  "pk": 15,
  "fields": {
    "contract": 10,
    "date_conducted": "2026-03-01",
    "respondent_name": "Clarisse",
    "respondent_role": "Administrativo",
    "nps_score": 10,
    "comments": "",
    "is_historical": false,
    "created_by": [
      "joao@gmail.com"
    ],
    "created_at": "2026-03-27T18:48:34.139Z",
    "strengths": [
      3,
      9,
      5
    ],
    "improvements": []
  }
},
{
  "model": "surveys.survey",
  "pk": 16,
  "fields": {
    "contract": 11,
    "date_conducted": "2025-08-19",
    "respondent_name": "Carlos",
    "respondent_role": "Administrativo",
    "nps_score": 5,
    "comments": "",
    "is_historical": true,
    "created_by": [
      "joao@gmail.com"
    ],
    "created_at": "2026-03-27T19:02:57.696Z",
    "strengths": [
      9
    ],
    "improvements": [
      6,
      3,
      1
    ]
  }
},
{
  "model": "surveys.survey",
  "pk": 17,
  "fields": {
    "contract": 11,
    "date_conducted": "2025-12-09",
    "respondent_name": "Jéssica",
    "respondent_role": "Administrativo",
    "nps_score": 7,
    "comments": "Pode melhorar",
    "is_historical": true,
    "created_by": [
      "joao@gmail.com"
    ],
    "created_at": "2026-03-27T19:03:51.780Z",
    "strengths": [
      5,
      2,
      7
    ],
    "improvements": [
      5,
      1
    ]
  }
},
{
  "model": "surveys.survey",
  "pk": 18,
  "fields": {
    "contract": 11,
    "date_conducted": "2026-02-18",
    "respondent_name": "João",
    "respondent_role": "CEO",
    "nps_score": 7,
    "comments": "",
    "is_historical": false,
    "created_by": [
      "joao@gmail.com"
    ],
    "created_at": "2026-03-27T19:04:08.802Z",
    "strengths": [
      1,
      6
    ],
    "improvements": []
  }
},
{
  "model": "surveys.survey",
  "pk": 19,
  "fields": {
    "contract": 12,
    "date_conducted": "2025-06-18",
    "respondent_name": "Pedro",
    "respondent_role": "RH",
    "nps_score": 8,
    "comments": "“O pessoal da limpeza é muito educado e sempre mantém tudo organizado. A equipe chega no horário certinho e, quando precisamos de algo extra, eles resolvem rápido. Dá pra ver cuidado no serviço.”",
    "is_historical": true,
    "created_by": [
      "joao@gmail.com"
    ],
    "created_at": "2026-03-27T19:08:49.740Z",
    "strengths": [
      4,
      3,
      6
    ],
    "improvements": [
      5
    ]
  }
},
{
  "model": "surveys.survey",
  "pk": 20,
  "fields": {
    "contract": 12,
    "date_conducted": "2025-09-23",
    "respondent_name": "Jéssica",
    "respondent_role": "Administrativo",
    "nps_score": 7,
    "comments": "“A portaria não está bem alinhada com os processos. Já tivemos problemas com controle de acesso e falta de comunicação. Isso acaba passando uma imagem de desorganização.”",
    "is_historical": false,
    "created_by": [
      "joao@gmail.com"
    ],
    "created_at": "2026-03-27T19:09:30.059Z",
    "strengths": [
      4,
      3
    ],
    "improvements": [
      2,
      7
    ]
  }
},
{
  "model": "surveys.survey",
  "pk": 21,
  "fields": {
    "contract": 13,
    "date_conducted": "2026-01-14",
    "respondent_name": "Jéssica",
    "respondent_role": "RH",
    "nps_score": 7,
    "comments": "“A equipe é cordial e presta um bom atendimento, mas poderia ter mais atenção aos detalhes na limpeza, principalmente em áreas menos visíveis. Pequenos pontos acabam ficando para trás.”",
    "is_historical": true,
    "created_by": [
      "joao@gmail.com"
    ],
    "created_at": "2026-03-27T19:11:18.481Z",
    "strengths": [
      4,
      3,
      6
    ],
    "improvements": [
      2,
      6
    ]
  }
},
{
  "model": "surveys.survey",
  "pk": 22,
  "fields": {
    "contract": 13,
    "date_conducted": "2026-02-17",
    "respondent_name": "Jéssica",
    "respondent_role": "Administrativo",
    "nps_score": 9,
    "comments": "“No geral o serviço é bom, principalmente a limpeza. Mas às vezes demora um pouco quando abrimos chamado para manutenção, já tivemos situações de esperar mais do que o esperado.”",
    "is_historical": false,
    "created_by": [
      "joao@gmail.com"
    ],
    "created_at": "2026-03-27T19:11:49.141Z",
    "strengths": [
      4,
      3
    ],
    "improvements": []
  }
},
{
  "model": "surveys.survey",
  "pk": 23,
  "fields": {
    "contract": 14,
    "date_conducted": "2025-10-20",
    "respondent_name": "Jéssica",
    "respondent_role": "Administrativo",
    "nps_score": 7,
    "comments": "",
    "is_historical": true,
    "created_by": [
      "joao@gmail.com"
    ],
    "created_at": "2026-03-27T19:14:18.479Z",
    "strengths": [
      4,
      3
    ],
    "improvements": [
      4
    ]
  }
},
{
  "model": "surveys.survey",
  "pk": 24,
  "fields": {
    "contract": 14,
    "date_conducted": "2025-12-16",
    "respondent_name": "Carlos",
    "respondent_role": "RH",
    "nps_score": 8,
    "comments": "",
    "is_historical": true,
    "created_by": [
      "joao@gmail.com"
    ],
    "created_at": "2026-03-27T19:14:46.453Z",
    "strengths": [
      4,
      3,
      8
    ],
    "improvements": [
      4
    ]
  }
},
{
  "model": "surveys.survey",
  "pk": 25,
  "fields": {
    "contract": 14,
    "date_conducted": "2026-02-17",
    "respondent_name": "Carlos",
    "respondent_role": "RH",
    "nps_score": 6,
    "comments": "",
    "is_historical": false,
    "created_by": [
      "joao@gmail.com"
    ],
    "created_at": "2026-03-27T19:15:02.918Z",
    "strengths": [
      8,
      5
    ],
    "improvements": [
      2,
      6
    ]
  }
},
{
  "model": "surveys.survey",
  "pk": 26,
  "fields": {
    "contract": 15,
    "date_conducted": "2025-10-21",
    "respondent_name": "Jéssica",
    "respondent_role": "RH",
    "nps_score": 10,
    "comments": "RELATO",
    "is_historical": true,
    "created_by": [
      "joao@gmail.com"
    ],
    "created_at": "2026-03-28T17:23:16.891Z",
    "strengths": [
      4,
      3
    ],
    "improvements": [
      4,
      7
    ]
  }
},
{
  "model": "surveys.survey",
  "pk": 27,
  "fields": {
    "contract": 15,
    "date_conducted": "2025-11-21",
    "respondent_name": "Jéssica",
    "respondent_role": "RH",
    "nps_score": 10,
    "comments": "RELATO",
    "is_historical": true,
    "created_by": [
      "joao@gmail.com"
    ],
    "created_at": "2026-03-28T17:23:52.890Z",
    "strengths": [
      8,
      5
    ],
    "improvements": [
      3,
      1
    ]
  }
},
{
  "model": "surveys.survey",
  "pk": 28,
  "fields": {
    "contract": 16,
    "date_conducted": "2025-02-11",
    "respondent_name": "Carlos",
    "respondent_role": "RH",
    "nps_score": 10,
    "comments": "RELATO",
    "is_historical": true,
    "created_by": [
      "joao@gmail.com"
    ],
    "created_at": "2026-03-28T17:25:40.258Z",
    "strengths": [
      3,
      9
    ],
    "improvements": [
      3,
      1
    ]
  }
},
{
  "model": "surveys.survey",
  "pk": 29,
  "fields": {
    "contract": 16,
    "date_conducted": "2025-03-12",
    "respondent_name": "Pedro",
    "respondent_role": "RH",
    "nps_score": 10,
    "comments": "RELATO",
    "is_historical": true,
    "created_by": [
      "joao@gmail.com"
    ],
    "created_at": "2026-03-28T17:26:56.927Z",
    "strengths": [
      7,
      1
    ],
    "improvements": [
      6,
      4
    ]
  }
},
{
  "model": "surveys.survey",
  "pk": 30,
  "fields": {
    "contract": 16,
    "date_conducted": "2025-04-22",
    "respondent_name": "Carlos",
    "respondent_role": "RH",
    "nps_score": 10,
    "comments": "RELATO",
    "is_historical": true,
    "created_by": [
      "joao@gmail.com"
    ],
    "created_at": "2026-03-28T17:28:45.779Z",
    "strengths": [
      6
    ],
    "improvements": [
      2
    ]
  }
},
{
  "model": "surveys.survey",
  "pk": 31,
  "fields": {
    "contract": 16,
    "date_conducted": "2025-05-06",
    "respondent_name": "Carlos",
    "respondent_role": "Administrativo",
    "nps_score": 6,
    "comments": "RELATO",
    "is_historical": true,
    "created_by": [
      "joao@gmail.com"
    ],
    "created_at": "2026-03-28T17:29:39.715Z",
    "strengths": [
      9,
      8
    ],
    "improvements": []
  }
},
{
  "model": "surveys.survey",
  "pk": 32,
  "fields": {
    "contract": 16,
    "date_conducted": "2025-07-09",
    "respondent_name": "Carlos",
    "respondent_role": "RH",
    "nps_score": 6,
    "comments": "",
    "is_historical": true,
    "created_by": [
      "joao@gmail.com"
    ],
    "created_at": "2026-03-28T17:30:09.807Z",
    "strengths": [
      2
    ],
    "improvements": [
      2
    ]
  }
},
{
  "model": "surveys.servicescore",
  "pk": 4,
  "fields": {
    "survey": 2,
    "service": 1,
    "score": 6
  }
},
{
  "model": "surveys.servicescore",
  "pk": 5,
  "fields": {
    "survey": 2,
    "service": 3,
    "score": 7
  }
},
{
  "model": "surveys.servicescore",
  "pk": 6,
  "fields": {
    "survey": 2,
    "service": 2,
    "score": 8
  }
},
{
  "model": "surveys.servicescore",
  "pk": 7,
  "fields": {
    "survey": 3,
    "service": 3,
    "score": 6
  }
},
{
  "model": "surveys.servicescore",
  "pk": 8,
  "fields": {
    "survey": 4,
    "service": 1,
    "score": 7
  }
},
{
  "model": "surveys.servicescore",
  "pk": 9,
  "fields": {
    "survey": 4,
    "service": 3,
    "score": 8
  }
},
{
  "model": "surveys.servicescore",
  "pk": 10,
  "fields": {
    "survey": 5,
    "service": 2,
    "score": 8
  }
},
{
  "model": "surveys.servicescore",
  "pk": 11,
  "fields": {
    "survey": 6,
    "service": 1,
    "score": 8
  }
},
{
  "model": "surveys.servicescore",
  "pk": 12,
  "fields": {
    "survey": 6,
    "service": 3,
    "score": 8
  }
},
{
  "model": "surveys.servicescore",
  "pk": 13,
  "fields": {
    "survey": 7,
    "service": 1,
    "score": 6
  }
},
{
  "model": "surveys.servicescore",
  "pk": 14,
  "fields": {
    "survey": 7,
    "service": 2,
    "score": 5
  }
},
{
  "model": "surveys.servicescore",
  "pk": 15,
  "fields": {
    "survey": 7,
    "service": 3,
    "score": 7
  }
},
{
  "model": "surveys.servicescore",
  "pk": 16,
  "fields": {
    "survey": 8,
    "service": 1,
    "score": 6
  }
},
{
  "model": "surveys.servicescore",
  "pk": 17,
  "fields": {
    "survey": 8,
    "service": 2,
    "score": 8
  }
},
{
  "model": "surveys.servicescore",
  "pk": 18,
  "fields": {
    "survey": 8,
    "service": 3,
    "score": 5
  }
},
{
  "model": "surveys.servicescore",
  "pk": 19,
  "fields": {
    "survey": 9,
    "service": 1,
    "score": 8
  }
},
{
  "model": "surveys.servicescore",
  "pk": 20,
  "fields": {
    "survey": 9,
    "service": 2,
    "score": 7
  }
},
{
  "model": "surveys.servicescore",
  "pk": 21,
  "fields": {
    "survey": 9,
    "service": 3,
    "score": 9
  }
},
{
  "model": "surveys.servicescore",
  "pk": 22,
  "fields": {
    "survey": 10,
    "service": 1,
    "score": 7
  }
},
{
  "model": "surveys.servicescore",
  "pk": 23,
  "fields": {
    "survey": 11,
    "service": 1,
    "score": 9
  }
},
{
  "model": "surveys.servicescore",
  "pk": 24,
  "fields": {
    "survey": 12,
    "service": 1,
    "score": 8
  }
},
{
  "model": "surveys.servicescore",
  "pk": 25,
  "fields": {
    "survey": 13,
    "service": 1,
    "score": 6
  }
},
{
  "model": "surveys.servicescore",
  "pk": 26,
  "fields": {
    "survey": 13,
    "service": 2,
    "score": 7
  }
},
{
  "model": "surveys.servicescore",
  "pk": 27,
  "fields": {
    "survey": 13,
    "service": 3,
    "score": 6
  }
},
{
  "model": "surveys.servicescore",
  "pk": 28,
  "fields": {
    "survey": 14,
    "service": 1,
    "score": 7
  }
},
{
  "model": "surveys.servicescore",
  "pk": 29,
  "fields": {
    "survey": 14,
    "service": 2,
    "score": 8
  }
},
{
  "model": "surveys.servicescore",
  "pk": 30,
  "fields": {
    "survey": 14,
    "service": 3,
    "score": 8
  }
},
{
  "model": "surveys.servicescore",
  "pk": 31,
  "fields": {
    "survey": 15,
    "service": 3,
    "score": 9
  }
},
{
  "model": "surveys.servicescore",
  "pk": 32,
  "fields": {
    "survey": 16,
    "service": 1,
    "score": 6
  }
},
{
  "model": "surveys.servicescore",
  "pk": 33,
  "fields": {
    "survey": 16,
    "service": 2,
    "score": 7
  }
},
{
  "model": "surveys.servicescore",
  "pk": 34,
  "fields": {
    "survey": 17,
    "service": 1,
    "score": 7
  }
},
{
  "model": "surveys.servicescore",
  "pk": 35,
  "fields": {
    "survey": 17,
    "service": 2,
    "score": 7
  }
},
{
  "model": "surveys.servicescore",
  "pk": 36,
  "fields": {
    "survey": 18,
    "service": 1,
    "score": 9
  }
},
{
  "model": "surveys.servicescore",
  "pk": 37,
  "fields": {
    "survey": 18,
    "service": 2,
    "score": 9
  }
},
{
  "model": "surveys.servicescore",
  "pk": 38,
  "fields": {
    "survey": 19,
    "service": 1,
    "score": 8
  }
},
{
  "model": "surveys.servicescore",
  "pk": 39,
  "fields": {
    "survey": 19,
    "service": 2,
    "score": 8
  }
},
{
  "model": "surveys.servicescore",
  "pk": 40,
  "fields": {
    "survey": 19,
    "service": 4,
    "score": 7
  }
},
{
  "model": "surveys.servicescore",
  "pk": 41,
  "fields": {
    "survey": 20,
    "service": 1,
    "score": 7
  }
},
{
  "model": "surveys.servicescore",
  "pk": 42,
  "fields": {
    "survey": 20,
    "service": 2,
    "score": 7
  }
},
{
  "model": "surveys.servicescore",
  "pk": 43,
  "fields": {
    "survey": 20,
    "service": 4,
    "score": 8
  }
},
{
  "model": "surveys.servicescore",
  "pk": 44,
  "fields": {
    "survey": 21,
    "service": 1,
    "score": 7
  }
},
{
  "model": "surveys.servicescore",
  "pk": 45,
  "fields": {
    "survey": 21,
    "service": 2,
    "score": 8
  }
},
{
  "model": "surveys.servicescore",
  "pk": 46,
  "fields": {
    "survey": 21,
    "service": 3,
    "score": 9
  }
},
{
  "model": "surveys.servicescore",
  "pk": 47,
  "fields": {
    "survey": 21,
    "service": 5,
    "score": 6
  }
},
{
  "model": "surveys.servicescore",
  "pk": 48,
  "fields": {
    "survey": 22,
    "service": 1,
    "score": 8
  }
},
{
  "model": "surveys.servicescore",
  "pk": 49,
  "fields": {
    "survey": 22,
    "service": 2,
    "score": 8
  }
},
{
  "model": "surveys.servicescore",
  "pk": 50,
  "fields": {
    "survey": 22,
    "service": 3,
    "score": 8
  }
},
{
  "model": "surveys.servicescore",
  "pk": 51,
  "fields": {
    "survey": 22,
    "service": 5,
    "score": 8
  }
},
{
  "model": "surveys.servicescore",
  "pk": 52,
  "fields": {
    "survey": 23,
    "service": 4,
    "score": 7
  }
},
{
  "model": "surveys.servicescore",
  "pk": 53,
  "fields": {
    "survey": 24,
    "service": 4,
    "score": 8
  }
},
{
  "model": "surveys.servicescore",
  "pk": 54,
  "fields": {
    "survey": 25,
    "service": 4,
    "score": 6
  }
},
{
  "model": "surveys.servicescore",
  "pk": 55,
  "fields": {
    "survey": 26,
    "service": 1,
    "score": 10
  }
},
{
  "model": "surveys.servicescore",
  "pk": 56,
  "fields": {
    "survey": 26,
    "service": 4,
    "score": 10
  }
},
{
  "model": "surveys.servicescore",
  "pk": 57,
  "fields": {
    "survey": 26,
    "service": 6,
    "score": 5
  }
},
{
  "model": "surveys.servicescore",
  "pk": 58,
  "fields": {
    "survey": 27,
    "service": 1,
    "score": 10
  }
},
{
  "model": "surveys.servicescore",
  "pk": 59,
  "fields": {
    "survey": 27,
    "service": 4,
    "score": 9
  }
},
{
  "model": "surveys.servicescore",
  "pk": 60,
  "fields": {
    "survey": 27,
    "service": 6,
    "score": 6
  }
},
{
  "model": "surveys.servicescore",
  "pk": 61,
  "fields": {
    "survey": 28,
    "service": 1,
    "score": 10
  }
},
{
  "model": "surveys.servicescore",
  "pk": 62,
  "fields": {
    "survey": 28,
    "service": 3,
    "score": 10
  }
},
{
  "model": "surveys.servicescore",
  "pk": 63,
  "fields": {
    "survey": 28,
    "service": 6,
    "score": 4
  }
},
{
  "model": "surveys.servicescore",
  "pk": 64,
  "fields": {
    "survey": 29,
    "service": 1,
    "score": 10
  }
},
{
  "model": "surveys.servicescore",
  "pk": 65,
  "fields": {
    "survey": 29,
    "service": 3,
    "score": 10
  }
},
{
  "model": "surveys.servicescore",
  "pk": 66,
  "fields": {
    "survey": 29,
    "service": 6,
    "score": 4
  }
},
{
  "model": "surveys.servicescore",
  "pk": 67,
  "fields": {
    "survey": 30,
    "service": 1,
    "score": 10
  }
},
{
  "model": "surveys.servicescore",
  "pk": 68,
  "fields": {
    "survey": 30,
    "service": 3,
    "score": 9
  }
},
{
  "model": "surveys.servicescore",
  "pk": 69,
  "fields": {
    "survey": 30,
    "service": 6,
    "score": 3
  }
},
{
  "model": "surveys.servicescore",
  "pk": 70,
  "fields": {
    "survey": 31,
    "service": 1,
    "score": 10
  }
},
{
  "model": "surveys.servicescore",
  "pk": 71,
  "fields": {
    "survey": 31,
    "service": 3,
    "score": 10
  }
},
{
  "model": "surveys.servicescore",
  "pk": 72,
  "fields": {
    "survey": 31,
    "service": 6,
    "score": 5
  }
},
{
  "model": "surveys.servicescore",
  "pk": 73,
  "fields": {
    "survey": 32,
    "service": 1,
    "score": 10
  }
},
{
  "model": "surveys.servicescore",
  "pk": 74,
  "fields": {
    "survey": 32,
    "service": 3,
    "score": 10
  }
},
{
  "model": "surveys.servicescore",
  "pk": 75,
  "fields": {
    "survey": 32,
    "service": 6,
    "score": 5
  }
},
{
  "model": "schedule.scheduledsurvey",
  "pk": 2,
  "fields": {
    "contract": 2,
    "scheduled_date": "2026-05-24",
    "status": "P",
    "last_survey": 3
  }
},
{
  "model": "schedule.scheduledsurvey",
  "pk": 3,
  "fields": {
    "contract": 3,
    "scheduled_date": "2026-06-23",
    "status": "P",
    "last_survey": 5
  }
},
{
  "model": "schedule.scheduledsurvey",
  "pk": 4,
  "fields": {
    "contract": 4,
    "scheduled_date": "2026-06-26",
    "status": "P",
    "last_survey": 8
  }
},
{
  "model": "schedule.scheduledsurvey",
  "pk": 5,
  "fields": {
    "contract": 8,
    "scheduled_date": "2026-06-25",
    "status": "P",
    "last_survey": 9
  }
},
{
  "model": "schedule.scheduledsurvey",
  "pk": 6,
  "fields": {
    "contract": 7,
    "scheduled_date": "2026-04-16",
    "status": "P",
    "last_survey": 12
  }
},
{
  "model": "schedule.scheduledsurvey",
  "pk": 7,
  "fields": {
    "contract": 9,
    "scheduled_date": "2025-12-26",
    "status": "P",
    "last_survey": 14
  }
},
{
  "model": "schedule.scheduledsurvey",
  "pk": 8,
  "fields": {
    "contract": 10,
    "scheduled_date": "2026-03-31",
    "status": "P",
    "last_survey": 15
  }
},
{
  "model": "schedule.scheduledsurvey",
  "pk": 9,
  "fields": {
    "contract": 11,
    "scheduled_date": "2026-04-19",
    "status": "P",
    "last_survey": 18
  }
},
{
  "model": "schedule.scheduledsurvey",
  "pk": 10,
  "fields": {
    "contract": 12,
    "scheduled_date": "2025-11-22",
    "status": "P",
    "last_survey": 20
  }
},
{
  "model": "schedule.scheduledsurvey",
  "pk": 11,
  "fields": {
    "contract": 13,
    "scheduled_date": "2026-05-18",
    "status": "P",
    "last_survey": 22
  }
},
{
  "model": "schedule.scheduledsurvey",
  "pk": 12,
  "fields": {
    "contract": 14,
    "scheduled_date": "2026-04-18",
    "status": "P",
    "last_survey": 25
  }
},
{
  "model": "admin.logentry",
  "pk": 1,
  "fields": {
    "action_time": "2026-03-25T18:11:21.968Z",
    "user": [
      "thiagokarnopp"
    ],
    "content_type": [
      "accounts",
      "user"
    ],
    "object_id": "2",
    "object_repr": "barbara",
    "action_flag": 1,
    "change_message": "[{\"added\": {}}]"
  }
},
{
  "model": "admin.logentry",
  "pk": 2,
  "fields": {
    "action_time": "2026-03-25T18:11:32.188Z",
    "user": [
      "thiagokarnopp"
    ],
    "content_type": [
      "accounts",
      "user"
    ],
    "object_id": "2",
    "object_repr": "barbara",
    "action_flag": 2,
    "change_message": "[{\"changed\": {\"fields\": [\"First name\", \"Last name\"]}}]"
  }
},
{
  "model": "admin.logentry",
  "pk": 3,
  "fields": {
    "action_time": "2026-03-25T18:11:44.947Z",
    "user": [
      "thiagokarnopp"
    ],
    "content_type": [
      "accounts",
      "user"
    ],
    "object_id": "1",
    "object_repr": "thiagokarnopp",
    "action_flag": 2,
    "change_message": "[{\"changed\": {\"fields\": [\"First name\", \"Last name\", \"Role\"]}}]"
  }
},
{
  "model": "admin.logentry",
  "pk": 4,
  "fields": {
    "action_time": "2026-03-25T18:12:06.204Z",
    "user": [
      "thiagokarnopp"
    ],
    "content_type": [
      "accounts",
      "user"
    ],
    "object_id": "3",
    "object_repr": "gerente_joinville",
    "action_flag": 1,
    "change_message": "[{\"added\": {}}]"
  }
},
{
  "model": "admin.logentry",
  "pk": 5,
  "fields": {
    "action_time": "2026-03-25T18:12:21.971Z",
    "user": [
      "thiagokarnopp"
    ],
    "content_type": [
      "accounts",
      "user"
    ],
    "object_id": "3",
    "object_repr": "gerente_joinville",
    "action_flag": 2,
    "change_message": "[{\"changed\": {\"fields\": [\"First name\"]}}]"
  }
},
{
  "model": "admin.logentry",
  "pk": 6,
  "fields": {
    "action_time": "2026-03-25T18:12:47.256Z",
    "user": [
      "thiagokarnopp"
    ],
    "content_type": [
      "organizations",
      "filial"
    ],
    "object_id": "1",
    "object_repr": "0001 - Regional Joinville",
    "action_flag": 1,
    "change_message": "[{\"added\": {}}]"
  }
},
{
  "model": "admin.logentry",
  "pk": 7,
  "fields": {
    "action_time": "2026-03-25T18:12:58.144Z",
    "user": [
      "thiagokarnopp"
    ],
    "content_type": [
      "organizations",
      "filial"
    ],
    "object_id": "2",
    "object_repr": "0002 - Regional Blumenau",
    "action_flag": 1,
    "change_message": "[{\"added\": {}}]"
  }
},
{
  "model": "admin.logentry",
  "pk": 8,
  "fields": {
    "action_time": "2026-03-25T18:13:33.780Z",
    "user": [
      "thiagokarnopp"
    ],
    "content_type": [
      "accounts",
      "user"
    ],
    "object_id": "3",
    "object_repr": "gerente_blumenau",
    "action_flag": 2,
    "change_message": "[{\"changed\": {\"fields\": [\"Username\", \"First name\", \"Branch\"]}}]"
  }
},
{
  "model": "admin.logentry",
  "pk": 9,
  "fields": {
    "action_time": "2026-03-25T18:13:46.347Z",
    "user": [
      "thiagokarnopp"
    ],
    "content_type": [
      "organizations",
      "service"
    ],
    "object_id": "1",
    "object_repr": "Auxiliar de serviços gerais (ASG)",
    "action_flag": 1,
    "change_message": "[{\"added\": {}}]"
  }
},
{
  "model": "admin.logentry",
  "pk": 10,
  "fields": {
    "action_time": "2026-03-25T18:13:49.454Z",
    "user": [
      "thiagokarnopp"
    ],
    "content_type": [
      "organizations",
      "service"
    ],
    "object_id": "2",
    "object_repr": "Vigilância armada",
    "action_flag": 1,
    "change_message": "[{\"added\": {}}]"
  }
},
{
  "model": "admin.logentry",
  "pk": 11,
  "fields": {
    "action_time": "2026-03-25T18:13:53.432Z",
    "user": [
      "thiagokarnopp"
    ],
    "content_type": [
      "organizations",
      "service"
    ],
    "object_id": "3",
    "object_repr": "Recepção",
    "action_flag": 1,
    "change_message": "[{\"added\": {}}]"
  }
},
{
  "model": "admin.logentry",
  "pk": 12,
  "fields": {
    "action_time": "2026-03-25T18:41:45.593Z",
    "user": [
      "thiagokarnopp"
    ],
    "content_type": [
      "surveys",
      "strength"
    ],
    "object_id": "1",
    "object_repr": "Pontualidade",
    "action_flag": 1,
    "change_message": "[{\"added\": {}}]"
  }
},
{
  "model": "admin.logentry",
  "pk": 13,
  "fields": {
    "action_time": "2026-03-25T18:41:53.874Z",
    "user": [
      "thiagokarnopp"
    ],
    "content_type": [
      "surveys",
      "strength"
    ],
    "object_id": "2",
    "object_repr": "Educação",
    "action_flag": 1,
    "change_message": "[{\"added\": {}}]"
  }
},
{
  "model": "admin.logentry",
  "pk": 14,
  "fields": {
    "action_time": "2026-03-25T18:42:10.906Z",
    "user": [
      "thiagokarnopp"
    ],
    "content_type": [
      "surveys",
      "improvement"
    ],
    "object_id": "1",
    "object_repr": "Uniforme inadequado",
    "action_flag": 1,
    "change_message": "[{\"added\": {}}]"
  }
},
{
  "model": "admin.logentry",
  "pk": 15,
  "fields": {
    "action_time": "2026-03-25T18:42:19.126Z",
    "user": [
      "thiagokarnopp"
    ],
    "content_type": [
      "surveys",
      "improvement"
    ],
    "object_id": "2",
    "object_repr": "Alta rotatividade",
    "action_flag": 1,
    "change_message": "[{\"added\": {}}]"
  }
},
{
  "model": "admin.logentry",
  "pk": 16,
  "fields": {
    "action_time": "2026-03-25T18:42:27.737Z",
    "user": [
      "thiagokarnopp"
    ],
    "content_type": [
      "surveys",
      "improvement"
    ],
    "object_id": "3",
    "object_repr": "Falta de treinamento",
    "action_flag": 1,
    "change_message": "[{\"added\": {}}]"
  }
},
{
  "model": "admin.logentry",
  "pk": 17,
  "fields": {
    "action_time": "2026-03-25T18:42:42.042Z",
    "user": [
      "thiagokarnopp"
    ],
    "content_type": [
      "surveys",
      "improvement"
    ],
    "object_id": "4",
    "object_repr": "Colaboradores mal educados",
    "action_flag": 1,
    "change_message": "[{\"added\": {}}]"
  }
},
{
  "model": "admin.logentry",
  "pk": 18,
  "fields": {
    "action_time": "2026-03-27T11:06:11.973Z",
    "user": [
      "thiagokarnopp"
    ],
    "content_type": [
      "accounts",
      "user"
    ],
    "object_id": "4",
    "object_repr": "joao@email.com",
    "action_flag": 2,
    "change_message": "[{\"changed\": {\"fields\": [\"password\"]}}]"
  }
},
{
  "model": "admin.logentry",
  "pk": 19,
  "fields": {
    "action_time": "2026-03-27T11:19:52.397Z",
    "user": [
      "thiagokarnopp"
    ],
    "content_type": [
      "accounts",
      "user"
    ],
    "object_id": "2",
    "object_repr": "barbara",
    "action_flag": 2,
    "change_message": "[{\"changed\": {\"fields\": [\"Email address\"]}}]"
  }
},
{
  "model": "admin.logentry",
  "pk": 20,
  "fields": {
    "action_time": "2026-03-27T11:20:01.042Z",
    "user": [
      "thiagokarnopp"
    ],
    "content_type": [
      "accounts",
      "user"
    ],
    "object_id": "2",
    "object_repr": "barbara@gmail.com",
    "action_flag": 2,
    "change_message": "[{\"changed\": {\"fields\": [\"Username\"]}}]"
  }
},
{
  "model": "admin.logentry",
  "pk": 21,
  "fields": {
    "action_time": "2026-03-27T11:20:54.770Z",
    "user": [
      "thiagokarnopp"
    ],
    "content_type": [
      "accounts",
      "user"
    ],
    "object_id": "4",
    "object_repr": "joao@gmail.com",
    "action_flag": 2,
    "change_message": "[{\"changed\": {\"fields\": [\"Username\", \"Email address\"]}}]"
  }
}
]
